{"sane": true, "normalizes": true, "range": true, "log_prob": -1647.9184330021646, "avg_log_prob": -3.295836866004329, "perplexity": 27.0}