{"sane": false, "normalizes": false, "range": true, "log_prob": -3541.037247201428, "avg_log_prob": -7.082074494402856, "perplexity": 1190.4355105473664}