{"sane": true, "normalizes": true, "range": true, "log_prob": -909.2762309238315, "avg_log_prob": -1.818552461847663, "perplexity": 6.162930912340994}