{"sane": true, "normalizes": true, "range": true, "log_prob": -956.4252042621374, "avg_log_prob": -1.9128504085242748, "perplexity": 6.7723653203373075}