{"sane": true, "normalizes": true, "range": true, "log_prob": -1162.3678877055645, "avg_log_prob": -2.324735775411129, "perplexity": 10.223978302404337}